{"cameraMode":{"drawMode":0,"name":"Shaded","section":"Shading Mode"},"sceneLighting":false,"audioPlay":false,"sceneViewState":{"showFog":true,"showMaterialUpdate":false,"showSkybox":false,"showFlares":true,"showImageEffects":true,"showParticleSystems":true},"in2DMode":false,"pivot":{"x":66.7300033569336,"y":0.875,"z":-16.299999237060548},"rotation":{"x":-0.09923619031906128,"y":-0.8437259793281555,"z":0.16736645996570588,"w":-0.5002694725990295},"size":4.022243499755859,"orthographic":false}