{"cameraMode":{"drawMode":0,"name":"Shaded","section":"Shading Mode"},"sceneLighting":true,"audioPlay":false,"sceneViewState":{"showFog":true,"showMaterialUpdate":false,"showSkybox":true,"showFlares":true,"showImageEffects":true,"showParticleSystems":true},"in2DMode":false,"pivot":{"x":108.16850280761719,"y":-68.88097381591797,"z":0.6054644584655762},"rotation":{"x":-0.1951790452003479,"y":-0.6863211393356323,"z":0.19945718348026277,"w":-0.671625018119812},"size":138.75054931640626,"orthographic":false}